{
    "confusion_matrix": [
        [
            448627,
            5993
        ],
        [
            6987,
            104542
        ]
    ],
    "classification_report": {
        "0": {
            "precision": 0.9846646503399807,
            "recall": 0.9868175619198452,
            "f1-score": 0.9857399306112494,
            "support": 454620.0
        },
        "1": {
            "precision": 0.9457818790428371,
            "recall": 0.9373526168081844,
            "f1-score": 0.9415483824483032,
            "support": 111529.0
        },
        "accuracy": 0.9770731733165651,
        "macro avg": {
            "precision": 0.965223264691409,
            "recall": 0.9620850893640147,
            "f1-score": 0.9636441565297763,
            "support": 566149.0
        },
        "weighted avg": {
            "precision": 0.9770049059970619,
            "recall": 0.9770731733165651,
            "f1-score": 0.9770343792898388,
            "support": 566149.0
        }
    }
}